<?xml version="1.0" encoding="UTF-8"?>
<design layout="basic2" width="1000" sidebar-type="10">
  <!-- ヘッダー -->
  <header>
    <!-- サイト基本情報パーツ -->
    <part type="site-branding2">
      <style><![CDATA[
  & .site-title {
    background-image : url(img/site-title3.png);
  }

  &> .site-description {
    font-size : 2.5rem;
  }
]]><media type="pc"><![CDATA[
  &> .extra {
    min-height : 64px;
  }

  &> .site-description {
    top : 5px;
    bottom : auto;
    right : auto;
    left : -3px;
  }
]]></media>
      </style>
      <extra>
        <p class="tel paragraph">TEL.03-3404-3988・Fax03-5646-6886</p>
        <p class="tel paragraph">MAIL：chi34043988@yahoo.co.jp</p>
        <p class="address paragraph">
          <b class="character">〒106-0046　東京都港区元麻布3-4-41 麻布台ﾅｼｮﾅﾙｺｰﾄ1</b>F</p>
        <p class="address paragraph">
          <b class="character">旅行業登録：登録№東京都知事登録旅行業第3-4403号</b>
        </p>
      </extra>
    </part>
  </header>
  <!-- コンテントヘッダー -->
  <content-header>
    <!-- サイトナビゲーションパーツ -->
    <part type="site-navigation" nav-type="main" mobile-style="button-menu">
      <style preset="navi-w-1" />
      <name>メインナビゲーション</name>
      <menu-item type="page" name="toppage"></menu-item>
      <menu-item type="page" name="itemlist"></menu-item>
      <menu-item type="page" name="company"></menu-item>
      <menu-item type="page" name="recruit"></menu-item>
      <menu-item type="page" name="access"></menu-item>
      <menu-item type="page" name="custom"></menu-item>
      <menu-item type="page" name="contact1"></menu-item>
    </part>
    <part type="block-container" target-pages="toppage">
      <style>
        <![CDATA[
      & {
      border: none;
      border-bottom: 1px #d7d7d7 solid;
      background-color: #f5fae6;
      }]]>
        <media type="pc">
          <![CDATA[
        & {
        margin-top: 0;
        margin-bottom: 0;
        margin-right: -1000px;
        margin-left: -1000px;
        padding-top: 0;
        padding-bottom: 0;
        padding-left: 1000px;
        padding-right: 1000px;
        }
        &::after {
          margin-right: -1000px;
          margin-left: -1000px;
          height: 4px;
          background-color: #fff;
          content: "";
          display: block;
        }]]>
        </media>
        <media type="mobile">
          <![CDATA[
        & {
        margin: 0;
        padding-top: 0;
        padding-bottom: 0;
        padding-left: 10px;
        padding-right: 10px;
        }
        &::after {
          width:100%;
          height: 1px;
          background-color: #fff;
          content: "";
          display: block;
        }]]>
        </media>
      </style>
      <!-- 画像パーツ -->
      <part type="image">
        <style preset="sp-imgeffect1"></style>
        <image src="img\header-main1.png"></image>
      </part>
    </part>
    <!-- パンくずリストパーツ -->
    <bread-crumb show="on">
    </bread-crumb>
  </content-header>
  <!-- サイドバー（左） -->
  <sidebar1 width="300">
    <part type="wp-widget-area" site-type="wordpress">
      <style preset="wp-widget-area-1" />
    </part>
    <part type="html-src">
      <style preset="sp-preset3"></style>
      <src type="cdata2"><![CDATA[&lt;!-- SnapWidget --&gt;
&lt;iframe src="https://snapwidget.com/embed/812033" class="snapwidget-widget" allowtransparency="true" frameborder="0" scrolling="no" style="border:none; overflow:hidden;  width:330px; height:596px"&gt;&lt;/iframe&gt;]]></src>
    </part>
    <part type="html-src">
      <style preset="sp-preset3"></style>
      <src type="cdata2"><![CDATA[&lt;a href="https://lin.ee/rcr2EOn"&gt;&lt;img src="https://scdn.line-apps.com/n/line_add_friends/btn/ja.png" alt="友だち追加" height="36" border="0"&gt;&lt;/a&gt;]]></src>
    </part>
    <part type="html-src">
      <style preset="sp-preset3"></style>
      <src type="cdata2"><![CDATA[&lt;img src="https://qr-official.line.me/sid/M/896oodmg.png"&gt;]]></src>
    </part>
    <part type="sns-button">
      <style preset="sp-preset2"></style>
      <item service="hatena" design="horizontal"></item>
      <item service="facebook" design="horizontal"></item>
    </part>
  </sidebar1>
  <!-- サイドバー（右） -->
  <sidebar2 width="300">
    <part type="wp-widget-area" site-type="wordpress">
      <style preset="wp-widget-area-1" />
    </part>
    <part type="wp-post-list" site-type="html">
      <style preset="wp-post-list-1"></style>
      <post-list post-type="post" title="ブログ" view-type="title" posts-per-page="5" pagenation="0"></post-list>
    </part>
  </sidebar2>
  <!-- フッター -->
  <footer>
    <!-- サイトナビゲーションパーツ -->
    <part type="block-container">
      <style preset="block-container-footer" />
      <part type="site-navigation" nav-type="sub">
        <style preset="navi-m-1"></style>
        <name>サブナビゲーション</name>
        <menu-item type="page" name="privacy"></menu-item>
      </part>
      <p class="copyright paragraph">Copyright &#169; ○○○, All rights reserved.</p>
    </part>
    <!-- ログインボタン -->
    <part type="wp-login-button" site-type="wordpress" />
  </footer>
  <!-- スタイル定義 -->
  <styles>
    <!-- 基本スタイル（ヘッダー、フッター、サイドバー、コンテンツ） -->
    <layout-style>
      <![CDATA[
      * {
        -webkit-box-sizing: border-box;
        box-sizing: border-box;
      }
      body {
        color: #333;
        word-wrap: break-word;
        margin-top: 0;
        margin-right: 0;
        margin-bottom: 0;
        margin-left: 0;
        padding-top: 0;
        padding-right: 0;
        padding-bottom: 0;
        padding-left: 0;
        background-color: #fff;
      }

      /* link color */
      a {
        color: #6f9502;
        text-decoration: none;
        outline: none;
      }
      a:hover {
        text-decoration: underline;
      }

      /* font size */
      #page {
        font-size: 12px;
        font-size: 1.2rem;
      }
      .entry-content {
        font-size: 14px;
        font-size: 1.4rem;
      }

      /* Layout */
      #masthead {
        margin-bottom: 0;
      }
      #colophon {
        border-top: 1px #97ca00 solid;
        background-color: #f9fcee;
      }

      /* clear fix */
      #main:after,
      #main-inner:after,
      .hpb-viewtype-full > article:after,
      .hpb-viewtype-simple > article:after,
      .hpb-viewtype-thumbnail > article:after,
      .searchform:after,
      .navigation-post:after {
        clear: both;
        display: table;
        content: "";
      }

     ]]>
      <media type="pc">
        <![CDATA[
        #masthead {
          margin-bottom: 0;
        }
        #main-inner {
          float: left;
        }
        #primary {
          float: right;
        }
        .home #contenthead {
          margin-bottom: 30px;
        }
        #main-inner #contenthead {
          overflow: hidden;
        }
        #main-inner #contenthead > a {
          margin-left: 0;
          margin-right: 0;
        }
        #main-inner #contenthead > nav {
          margin-left: 0;
          margin-right: 0;
          padding-left: 0;
          padding-right: 0;
        }
      ]]>
      </media>
      <media type="mobile">
        <![CDATA[
        #masthead {
          margin-bottom: 0;
        }
        .home #contenthead {
          margin-bottom: 20px;
        }
        #content,
        .sp-sidebar {
          padding-right: 10px;
          padding-left: 10px;
        }
        #colophon:before {
          width: 100%;
          border-top: 2px #fff solid;
          display: block;
          content: "";
        }
      ]]>
      </media>
    </layout-style>
    <layout-style sidebar-type="01">
      <media type="pc">
        <![CDATA[
        #main-inner {
          width: $width - $sidebar2-width - 50;
        }
        #primary,
        #content {
          width: 100%;
        }
      ]]>
      </media>
    </layout-style>
    <layout-style sidebar-type="10">
      <media type="pc">
        <![CDATA[
        #primary {
          width: $width - $sidebar1-width - 50;
        }
        #content {
          width: 100%;
        }
      ]]>
      </media>
    </layout-style>
    <layout-style sidebar-type="02">
      <media type="pc">
        <![CDATA[
        #main-inner {
          width: $width - $sidebar2-width - 50;
        }
        #primary,
        #content {
          width: 100%;
        }
      ]]>
      </media>
    </layout-style>
    <layout-style sidebar-type="20">
      <media type="pc">
        <![CDATA[
        #main-inner {
          width: 100%;
        }
        #primary {
          width: $width - $sidebar1-width - 50;
        }
        #content {
          width: 100%;
        }
      ]]>
      </media>
    </layout-style>
    <!-- サイト情報 パターン1 -->
    <part-preset name="site-branding-1" type="site-branding2" image-path="preset/site-branding-1.png">
      <![CDATA[
      & .site-title {
        width: 279px;
        height: 46px;
        margin-bottom: 0;
        background-image: url('img/site-title.png');
        background-repeat: no-repeat;
      }
      & .site-title a {
        text-indent: -9999px;
        overflow: hidden;
        display: block;
      }
      & .site-description {
        font-size: 12px;
        font-size: 1.2rem;
        font-weight: normal;
        color: #333;
        margin-bottom: 0;
        position: absolute;
      }
      & .extra {
        padding-top: 0;
        position: static;
      }
      & .extra p {
        font-size: 12px;
        font-size: 1.2rem;
        color: #333;
        padding-right: 0;
        padding-left: 0;
      }
      & .extra p.tel {
        font-size: 22px;
        font-size: 2.2rem;
        color: #690;
      }
    ]]>
      <media type="pc">
        <![CDATA[
        & {
          padding-top: 0;
          padding-bottom: 20px;
        }
        & .site-title {
          margin-top: 40px;
          float: left;
        }
        & .site-description {
          text-align: right;
          top: 6px;
        }
        & .extra {
          margin-top: 40px;
          float: right;
        }
        & .extra p {
          text-align: right;
        }
      ]]>
      </media>
      <media type="mobile">
        <![CDATA[
        & {
          padding-top: 70px;
          padding-bottom: 25px;
        }
        & .site-title {
          margin-right: auto;
          margin-left: auto;
        }
        & .site-description {
          text-align: center;
          padding-right: 10px;
          padding-left: 10px;
          top: 5px;
        }
        & .extra {
          margin-top: 20px;
        }
        & .extra p {
          text-align: center;
        }
        & .extra p.tel {
          text-align: center;
        }
      ]]>
      </media>
    </part-preset>
    <!-- サイト情報 パターン2 -->
    <part-preset name="site-branding-2" type="site-branding2" image-path="preset/site-branding-2.png">
      <![CDATA[
      & .site-title {
        width: 279px;
        height: 46px;
        margin-bottom: 0;
        background-image: url('img/site-title.png');
        background-repeat: no-repeat;
      }
      & .site-title a {
        text-indent: -9999px;
        overflow: hidden;
        display: block;
      }
      & .site-description {
        font-size: 12px;
        font-size: 1.2rem;
        font-weight: normal;
        color: #690;
        margin-bottom: 0;
        position: absolute;
      }
      & .extra {
        padding-top: 0;
        position: static;
      }
      & .extra p {
        font-size: 12px;
        font-size: 1.2rem;
        color: #333;
        padding-right: 0;
        padding-left: 0;
      }
      & .extra p.tel {
        font-size: 22px;
        font-size: 2.2rem;
        color: #690;
      }
    ]]>
      <media type="pc">
        <![CDATA[
        & {
          padding-top: 0;
          padding-bottom: 20px;
        }
        & .site-title {
          margin-top: 40px;
          float: left;
        }
        & .site-description {
          text-align: right;
          top: 6px;
        }
        & .extra {
          margin-top: 40px;
          float: right;
        }
        & .extra p {
          text-align: right;
        }
      ]]>
      </media>
      <media type="mobile">
        <![CDATA[
        & {
          padding-top: 70px;
          padding-bottom: 25px;
        }
        & .site-title {
          margin-right: auto;
          margin-left: auto;
        }
        & .site-description {
          text-align: center;
          padding-right: 10px;
          padding-left: 10px;
          top: 5px;
        }
        & .extra {
          margin-top: 20px;
        }
        & .extra p {
          text-align: center;
        }
        & .extra p.tel {
          text-align: center;
        }
      ]]>
      </media>
    </part-preset>
    <!-- サイトナビゲーション（メイン） パターン1 -->
    <part-preset name="navi-w-1" class="horizontal" type="site-navigation" image-path="preset/navi-w-1.png">
      <media type="pc">
        <![CDATA[
        & {
          margin-right: -100%;
          margin-bottom: 4px;
          margin-left: -100%;
          border-top: 1px #d7d7d7 solid;
          border-bottom: 1px #d7d7d7 solid;
          padding-top: 2px;
          padding-right: 100%;
          padding-bottom: 2px;
          padding-left: 100%;
          background-image: url('img/back-main-nav-01.png');
          background-position: left 2px;
          position: relative;
        }
        &:before {
          border-top: 1px #fff solid;
          border-bottom: 1px #6f9501 solid;
          content: "";
          display: block;
          position: absolute;
          top: 0;
          right: 0;
          left: 0;
        }
        &:after {
          border-top: 1px #6f9501 solid;
          border-bottom: 1px #fff solid;
          content: "";
          display: block;
          position: absolute;
          bottom: 0;
          right: 0;
          left: 0;
        }
        & > ul {
          margin: 0 auto;
          border-left: 1px #6f9501 solid;
        }
        & > ul > li > a {
          font-size: 14px;
          font-size: 1.4rem;
          line-height: 1;
          color: #fff;
          border-right: 1px #6f9501 solid;
          border-left: 1px #9ecd12 solid;
          display: block;
          padding-top: 17px;
          padding-right: 20px;
          padding-bottom: 17px;
          padding-left: 20px;
        }
        & > ul > li > a:hover,
        & > ul > li.current_page_item > a,
        & > ul > li.current_page_ancestor > a,
        & > ul > li.current-menu-item > a,
        & > ul > li.current-menu-ancestor > a {
          color: #eaff01;
          background-image: url('img/back-main-nav-01-hover.png');
        }
        & ul ul {
          border: 1px #fff solid;
          border-bottom: none;
        }
        & ul ul li {
          padding-top: 0;
          padding-bottom: 0;
          border-bottom: 1px #fff solid;
          position: relative;
        }
        & ul ul li > a {
          color: #333;
          border: none;
          background-color: #f1f4d0;
        }
        & ul ul li > a:hover {
          background-color: #e6eabb;
        }
        & ul ul li:hover > ul {
          display: block;
          top: 0;
          left: 100%;
        }
      ]]>
      </media>
      <media type="mobile">
        <![CDATA[
        & {
          font-size: 13px;
          font-size: 1.3rem;
          margin-top: 0;
        }
        & .menu-toggle {
          font-size: 13px;
          font-size: 1.3rem;
          text-indent: -9999px;
          padding-top: 12px;
          padding-bottom: 12px;
          background-color: #fdbb36;
          background-image: url('img/icon-menu-toggle.png');
          background-position: center center;
          background-repeat: no-repeat;
        }
        & ul li {
          line-height: 1.5;
          text-align: left;
        }
        & ul li > a {
          color: #fff;
          font-weight: bold;
          border-bottom: 1px #9ac423 solid;
          padding-top: 9px;
          padding-right: 10px;
          padding-bottom: 8px;
          padding-left: 25px;
          background-color: #83a520;
        }
        & li > a:hover,
        & li > a:active,
        & > ul li.current_page_item > a,
        & > ul li.current_page_ancestor > a,
        & > ul li.current-menu-item > a,
        & > ul li.current-menu-ancestor > a {
          color: #fff;
          border-bottom: 1px #fdbb36 solid;
          background-color: #fdbb36;
        }
        & ul ul li > a {
          padding-left: 40px;
          padding-right: 10px;
        }
        & ul ul ul li > a {
          padding-left: 55px;
        }
      ]]>
      </media>
    </part-preset>
    <!-- サイトナビゲーション（メイン） パターン2 -->
    <part-preset name="navi-w-2" class="horizontal" type="site-navigation" image-path="preset/navi-w-2.png">
      <media type="pc">
        <![CDATA[
        & {
          margin-right: -100%;
          margin-bottom: 4px;
          margin-left: -100%;
          border-top: 1px #d7d7d7 solid;
          border-bottom: 1px #d7d7d7 solid;
          padding-top: 2px;
          padding-right: 100%;
          padding-bottom: 2px;
          padding-left: 100%;
          background-image: url('img/back-main-nav-02.png');
          background-position: left 2px;
          position: relative;
        }
        &:before {
          border-top: 1px #fff solid;
          border-bottom: 1px #e39904 solid;
          content: "";
          display: block;
          position: absolute;
          top: 0;
          right: 0;
          left: 0;
        }
        &:after {
          border-top: 1px #e39904 solid;
          border-bottom: 1px #fff solid;
          content: "";
          display: block;
          position: absolute;
          bottom: 0;
          right: 0;
          left: 0;
        }
        & > ul {
          margin: 0 auto;
          border-left: 1px #e39904 solid;
        }
        & > ul > li > a {
          font-size: 14px;
          font-size: 1.4rem;
          line-height: 1;
          color: #fff;
          border-right: 1px #e39904 solid;
          border-left: 1px #ffc95c solid;
          display: block;
          padding-top: 17px;
          padding-right: 20px;
          padding-bottom: 17px;
          padding-left: 20px;
        }
        & > ul > li > a:hover,
        & > ul > li.current_page_item > a,
        & > ul > li.current_page_ancestor > a,
        & > ul > li.current-menu-item > a,
        & > ul > li.current-menu-ancestor > a {
          color: #eaff01;
          background-image: url('img/back-main-nav-02-hover.png');
        }
        & ul ul {
          border: 1px #fff solid;
          border-bottom: none;
        }
        & ul ul li {
          padding-top: 0;
          padding-bottom: 0;
          border-bottom: 1px #fff solid;
          position: relative;
        }
        & ul ul li > a {
          color: #333;
          border: none;
          background-color: #f1f4d0;
        }
        & ul ul li > a:hover {
          background-color: #fdbb36;
        }
        & ul ul li:hover > ul {
          display: block;
          top: 0;
          left: 100%;
        }
      ]]>
      </media>
      <media type="mobile">
        <![CDATA[
        & {
          font-size: 13px;
          font-size: 1.3rem;
          margin-top: 0;
        }
        & .menu-toggle {
          font-size: 13px;
          font-size: 1.3rem;
          text-indent: -9999px;
          padding-top: 12px;
          padding-bottom: 12px;
          background-color: #83a520;
          background-image: url('img/icon-menu-toggle.png');
          background-position: center center;
          background-repeat: no-repeat;
        }
        & ul li {
          line-height: 1.5;
          text-align: left;
        }
        & ul li > a {
          color: #fff;
          font-weight: bold;
          border-bottom: 1px #ffca60 solid;
          padding-top: 9px;
          padding-right: 10px;
          padding-bottom: 8px;
          padding-left: 25px;
          background-color: #fdbb36;
        }
        & li > a:hover,
        & li > a:active,
        & > ul li.current_page_item > a,
        & > ul li.current_page_ancestor > a,
        & > ul li.current-menu-item > a,
        & > ul li.current-menu-ancestor > a {
          color: #fff;
          border-bottom: 1px #83a520 solid;
          background-color: #83a520;
        }
        & ul ul li > a {
          padding-left: 40px;
          padding-right: 10px;
        }
        & ul ul ul li > a {
          padding-left: 55px;
        }
      ]]>
      </media>
    </part-preset>
    <!-- サイトナビゲーションパーツ タテ パターン1 -->
    <part-preset name="navi-h-1" class="vertical" type="site-navigation" image-path="preset/navi-h-1.png">
      <![CDATA[
      & {
        font-size: 13px;
        font-size: 1.3rem;
        margin-top: 0;
      }
      & .menu-toggle {
        font-size: 13px;
        font-size: 1.3rem;
        text-indent: -9999px;
        padding-top: 12px;
        padding-bottom: 12px;
        background-color: #fdbb36;
        background-image: url('img/icon-menu-toggle.png');
        background-position: center center;
        background-repeat: no-repeat;
      }
      & ul li {
        line-height: 1.5;
        text-align: left;
      }
      & ul li > a {
        color: #fff;
        font-weight: bold;
        border-bottom: 1px #9ac423 solid;
        padding-top: 9px;
        padding-right: 10px;
        padding-bottom: 8px;
        padding-left: 25px;
        background-color: #83a520;
      }
      & li > a:hover,
      & li > a:active,
      & > ul li.current_page_item > a,
      & > ul li.current_page_ancestor > a,
      & > ul li.current-menu-item > a,
      & > ul li.current-menu-ancestor > a {
        color: #fff;
        border-bottom: 1px #fdbb36 solid;
        background-color: #fdbb36;
      }
      & ul ul li > a {
        padding-left: 40px;
        padding-right: 10px;
      }
      & ul ul ul li > a {
        padding-left: 55px;
      }
    ]]>
    </part-preset>
    <!-- サイトナビゲーションパーツ タテ パターン2 -->
    <part-preset name="navi-h-2" class="vertical" type="site-navigation" image-path="preset/navi-h-2.png">
      <![CDATA[
      & {
        font-size: 13px;
        font-size: 1.3rem;
        margin-top: 0;
      }
      & .menu-toggle {
        font-size: 13px;
        font-size: 1.3rem;
        text-indent: -9999px;
        padding-top: 12px;
        padding-bottom: 12px;
        background-color: #83a520;
        background-image: url('img/icon-menu-toggle.png');
        background-position: center center;
        background-repeat: no-repeat;
      }
      & ul li {
        line-height: 1.5;
        text-align: left;
      }
      & ul li > a {
        color: #fff;
        font-weight: bold;
        border-bottom: 1px #ffca60 solid;
        padding-top: 9px;
        padding-right: 10px;
        padding-bottom: 8px;
        padding-left: 25px;
        background-color: #fdbb36;
      }
      & li > a:hover,
      & li > a:active,
      & > ul li.current_page_item > a,
      & > ul li.current_page_ancestor > a,
      & > ul li.current-menu-item > a,
      & > ul li.current-menu-ancestor > a {
        color: #fff;
        border-bottom: 1px #83a520 solid;
        background-color: #83a520;
      }
      & ul ul li > a {
        padding-left: 40px;
        padding-right: 10px;
      }
      & ul ul ul li > a {
        padding-left: 55px;
      }
    ]]>
    </part-preset>
    <!-- サイトナビゲーションパーツ ミニマル パターン1 -->
    <part-preset name="navi-m-1" class="minimal" type="site-navigation" image-path="preset/navi-m-1.png">
      <media type="pc">
        <![CDATA[
        & {
          margin-right: -100%;
          margin-bottom: 4px;
          margin-left: -100%;
          border-top: 1px #d7d7d7 solid;
          border-bottom: 1px #d7d7d7 solid;
          padding-top: 2px;
          padding-right: 100%;
          padding-bottom: 2px;
          padding-left: 100%;
          background-image: url('img/back-main-nav-01.png');
          background-position: left 2px;
          position: relative;
        }
        &:before {
          border-top: 1px #fff solid;
          border-bottom: 1px #6f9501 solid;
          content: "";
          display: block;
          position: absolute;
          top: 0;
          right: 0;
          left: 0;
        }
        &:after {
          border-top: 1px #6f9501 solid;
          border-bottom: 1px #fff solid;
          content: "";
          display: block;
          position: absolute;
          bottom: 0;
          right: 0;
          left: 0;
        }
        & ul {
          font-size: 13px;
          font-size: 1.3rem;
          margin-top: 0;
          margin-right: auto;
          margin-bottom: 0;
          margin-left: auto;
          padding-top: 15px;
          padding-bottom: 14px;
        }
        & ul li {
        margin:0;
        }
        & ul li:after {
          color: #fff;
          margin:0 5px;
          content: "/";
        }
        & ul ul:before {
          color: #fff;
          margin:0 5px;
          content: "/";
        }
        & ul li:last-child:after {
          display: none;
        }
        & ul li a {
          font-size: 14px;
          font-size: 1.4rem;
          line-height: 1;
          vertical-align: middle;
          color: #fff;
          display: inline-block;
        }
        & > ul > li > a:hover,
        & > ul > li.current_page_item > a,
        & > ul > li.current_page_ancestor > a,
        & > ul > li.current-menu-item > a,
        & > ul > li.current-menu-ancestor > a {
          color: #eaff01;
          text-decoration: underline;
        }
      ]]>
      </media>
      <media type="mobile">
        <![CDATA[
        & {
          font-size: 13px;
          font-size: 1.3rem;
          margin-top: 0;
        }
        & .menu-toggle {
          font-size: 13px;
          font-size: 1.3rem;
          text-indent: -9999px;
          padding-top: 12px;
          padding-bottom: 12px;
          background-color: #fdbb36;
          background-image: url('img/icon-menu-toggle.png');
          background-position: center center;
          background-repeat: no-repeat;
        }
        & ul li {
          line-height: 1.5;
          text-align: left;
        }
        & ul li > a {
          color: #fff;
          font-weight: bold;
          border-bottom: 1px #9ac423 solid;
          padding-top: 9px;
          padding-top: 9px;
          padding-right: 10px;
          padding-bottom: 8px;
          padding-left: 25px;
          background-color: #83a520;
        }
        & li > a:hover,
        & li > a:active,
        & > ul li.current_page_item > a,
        & > ul li.current_page_ancestor > a,
        & > ul li.current-menu-item > a,
        & > ul li.current-menu-ancestor > a {
          color: #fff;
          border-bottom: 1px #fdbb36 solid;
          background-color: #fdbb36;
        }
        & ul ul li > a {
          padding-left: 40px;
          padding-right: 10px;
        }
        & ul ul ul li > a {
          padding-left: 55px;
        }
      ]]>
      </media>
    </part-preset>
    <!-- サイトナビゲーションパーツ ミニマル パターン2 -->
    <part-preset name="navi-m-2" class="minimal" type="site-navigation" image-path="preset/navi-m-2.png">
      <media type="pc">
        <![CDATA[
        & {
          margin-right: -100%;
          margin-bottom: 4px;
          margin-left: -100%;
          border-top: 1px #d7d7d7 solid;
          border-bottom: 1px #d7d7d7 solid;
          padding-top: 2px;
          padding-right: 100%;
          padding-bottom: 2px;
          padding-left: 100%;
          background-image: url('img/back-main-nav-02.png');
          background-position: left 2px;
          position: relative;
        }
        &:before {
          width:100%;
          border-top: 1px #fff solid;
          border-bottom: 1px #e39904 solid;
          content: "";
          display: block;
          position: absolute;
          top: 0;
          right: 0;
          left: 0;
        }
        &:after {
          width:100%;
          border-top: 1px #e39904 solid;
          border-bottom: 1px #fff solid;
          content: "";
          display: block;
          position: absolute;
          bottom: 0;
          right: 0;
          left: 0;
        }
        & ul {
          font-size: 13px;
          font-size: 1.3rem;
          margin-top: 0;
          margin-right: auto;
          margin-bottom: 0;
          margin-left: auto;
          padding-top: 15px;
          padding-bottom: 14px;
        }
        & ul li {
        margin:0;
        }
        & ul li:after {
          color: #fff;
          margin:0 5px;
          content: "/";
        }
        & ul ul:before {
          color: #fff;
          margin:0 5px;
          content: "/";
        }
        & ul li:last-child:after {
          display: none;
        }
        & ul li a {
          font-size: 14px;
          font-size: 1.4rem;
          line-height: 1;
          vertical-align: middle;
          color: #fff;
          display: inline-block;
        }
        & > ul > li > a:hover,
        & > ul > li.current_page_item > a,
        & > ul > li.current_page_ancestor > a,
        & > ul > li.current-menu-item > a,
        & > ul > li.current-menu-ancestor > a {
          color: #eaff01;
          text-decoration: underline;
        }
      ]]>
      </media>
      <media type="mobile">
        <![CDATA[
        & {
          font-size: 13px;
          font-size: 1.3rem;
          margin-top: 0;
        }
        & .menu-toggle {
          font-size: 13px;
          font-size: 1.3rem;
          text-indent: -9999px;
          padding-top: 12px;
          padding-bottom: 12px;
          background-color: #83a520;
          background-image: url('img/icon-menu-toggle.png');
          background-position: center center;
          background-repeat: no-repeat;
        }
        & ul li {
          line-height: 1.5;
          text-align: left;
        }
        & ul li > a {
          color: #fff;
          font-weight: bold;
          border-bottom: 1px #ffca60 solid;
          padding-top: 9px;
          padding-right: 10px;
          padding-bottom: 8px;
          padding-left: 25px;
          background-color: #fdbb36;
        }
        & li > a:hover,
        & li > a:active,
        & > ul li.current_page_item > a,
        & > ul li.current_page_ancestor > a,
        & > ul li.current-menu-item > a,
        & > ul li.current-menu-ancestor > a {
          color: #fff;
          border-bottom: 1px #83a520 solid;
          background-color: #83a520;
        }
        & ul ul li > a {
          padding-left: 40px;
          padding-right: 10px;
        }
        & ul ul ul li > a {
          padding-left: 55px;
        }
      ]]>
      </media>
    </part-preset>
    <!-- パンくずリスト -->
    <part-preset name="sp-bread-crumb" type="bread-crumb">
      <![CDATA[
      & {
        font-size: 13px;
        font-size: 1.3rem;
        margin-right: auto;
        margin-left: auto;
        box-sizing: border-box;
      }
      & div {
        margin-top: 16px;
        margin-right: 0;
        margin-bottom: 16px;
        margin-left: 0;
        padding-top: 0;
        padding-right: 0;
        padding-bottom: 0;
        padding-left: 0;
      }
    ]]>
    </part-preset>
    <!-- ページタイトル パターン1 -->
    <part-preset name="pagetitle-1" type="page-title" image-path="preset/pagetitle-1.png">
      <![CDATA[
      & > h1 {
        font-size: 18px;
        font-size: 1.8rem;
        font-weight: normal;
        line-height: 1.5;
        color: #343434;
        margin-top: 0;
        margin-right: 0;
        margin-bottom: 0;
        margin-left: 0;
        padding-top: 11px;
        padding-right: 10px;
        padding-bottom: 11px;
        padding-left: 40px;
        border-top: 3px #97ca00 solid;
        border-right: 1px #e3e3e3 solid;
        border-bottom: 1px #c3c0b3 dotted;
        border-left: 1px #e3e3e3 solid;
        background-color: #fff;
        background-image: url('img/back-title-01.png');
        background-repeat: repeat-x;
        position: relative;
        display: block;
      }
      & > h1:before {
        width: 6px;
        min-height: 26px;
        color: #c8e162;
        text-indent: -9999px;
        border-radius: 3px;
        background-color: #a4d119;
        background-image: url('img/back-title-03.png');
        background-repeat: repeat-x;
        content: ".";
        display: block;
        position: absolute;
        top: 11px;
        left: 12px;
        bottom: 13px;
        z-index: 1;
        overflow: hidden;
      }
    ]]>
    </part-preset>
    <!-- ページタイトル パターン2 -->
    <part-preset name="pagetitle-2" type="page-title" image-path="preset/pagetitle-2.png">
      <![CDATA[
      & > h1 {
        font-size: 18px;
        font-size: 1.8rem;
        font-weight: normal;
        line-height: 1.5;
        color: #343434;
        margin-top: 0;
        margin-right: 0;
        margin-bottom: 0;
        margin-left: 0;
        padding-top: 11px;
        padding-right: 10px;
        padding-bottom: 11px;
        padding-left: 40px;
        border-top: 3px #fc6 solid;
        border-right: 1px #e3e3e3 solid;
        border-bottom: 1px #c3c0b3 dotted;
        border-left: 1px #e3e3e3 solid;
        background-color: #fff8ea;
        position: relative;
        display: block;
      }
      & > h1:before {
        width: 6px;
        min-height: 26px;
        color: #c8e162;
        text-indent: -9999px;
        border-radius: 3px;
        background-color: #fc6;
        content: ".";
        display: block;
        position: absolute;
        top: 11px;
        left: 12px;
        bottom: 13px;
        z-index: 1;
        overflow: hidden;
      }
    ]]>
    </part-preset>
    <!-- 投稿一覧 -->
    <part-preset name="wp-post-list-1" type="wp-post-list" image-path="preset/wp-post-list-1.png">
      <![CDATA[
      & {
        margin-top: 0;
        margin-bottom: 23px;
        padding-right: 0;
        padding-left: 0;
      }
      &.hpb-viewtype-date,
      &.hpb-viewtype-title,
      &.hpb-viewtype-content {
        border: 1px #e3e3e3 solid;
        padding-bottom: 30px;
        background: #fff;
        box-shadow: 0 3px 0 0 #eaeaea;
      }
      & > h3 {
        margin-bottom: 5px;
        background-color: transparent;
      }
      &.hpb-viewtype-full h3,
      &.hpb-viewtype-simple h3,
      &.hpb-viewtype-thumbnail h3 {
        margin-bottom: 23px;
      }
      & > h3 > a {
        font-size: 18px;
        font-size: 1.8rem;
        font-weight: normal;
        line-height: 1.5;
        color: #343434;
        margin-top: 0;
        margin-right: 0;
        margin-bottom: 0;
        margin-left: 0;
        padding-top: 11px;
        padding-right: 10px;
        padding-bottom: 11px;
        padding-left: 40px;
        border-top: 3px #97ca00 solid;
        border-bottom: 1px #c3c0b3 dotted;
        background-color: #fff;
        background-image: url('img/back-title-01.png');
        background-repeat: repeat-x;
        display: block;
        position: relative;
      }
      & > h3 > a:before {
        width: 6px;
        min-height: 26px;
        color: #c8e162;
        text-indent: -9999px;
        border-radius: 3px;
        background-color: #a4d119;
        background-image: url('img/back-title-03.png');
        background-repeat: repeat-x;
        content: ".";
        display: block;
        position: absolute;
        top: 11px;
        left: 12px;
        bottom: 13px;
        z-index: 1;
        overflow: hidden;
      }
      &.hpb-viewtype-full h3 a,
      &.hpb-viewtype-simple h3 a,
      &.hpb-viewtype-thumbnail h3 a {
        border-right: 1px #e3e3e3 solid;
        border-left: 1px #e3e3e3 solid;
      }

      & > article {
        margin-top: 0;
        margin-right: 0;
        margin-bottom: 23px;
        margin-left: 0;
        border: 1px #e3e3e3 solid;
        padding-top: 0;
        padding-right: 0;
        padding-bottom: 24px;
        padding-left: 0;
        background: #fff;
        box-shadow: 0 3px 0 0 #eaeaea;
      }
      & > article > header {
      }
      & > article > header > h4 {
        margin-bottom: 15px;
      }
      & > article > header > h4 > a {
        font-size: 18px;
        font-size: 1.8rem;
        font-weight: normal;
        line-height: 1.5;
        color: #343434;
        margin-top: 0;
        margin-right: 0;
        margin-bottom: 0;
        margin-left: 0;
        padding-top: 11px;
        padding-right: 10px;
        padding-bottom: 11px;
        padding-left: 40px;
        border-top: 3px #97ca00 solid;
        border-bottom: 1px #c3c0b3 dotted;
        background-color: #fff;
        background-image: url('img/back-title-01.png');
        background-repeat: repeat-x;
        display: block;
        position: relative;
      }
      & > article > header > h4 > a:before {
        width: 6px;
        min-height: 26px;
        color: #c8e162;
        text-indent: -9999px;
        border-radius: 3px;
        background-color: #a4d119;
        background-image: url('img/back-title-03.png');
        background-repeat: repeat-x;
        content: ".";
        display: block;
        position: absolute;
        top: 11px;
        left: 12px;
        bottom: 13px;
        z-index: 1;
        overflow: hidden;
      }
      & > article > p > img {
        margin-top: 0;
        margin-left: 30px;
        margin-right: 1em;
        margin-bottom: 1em;
        float: left;
      }
      & > article > div {
        padding-right: 30px;
        padding-left: 30px;
      }
      & > article > footer span {
        font-size: 12px;
        font-size: 1.2rem;
        vertical-align: baseline;
      }
      & > article > footer a {
        color: #6f9502;
      }
      & > article > footer .sep {
        display: none;
      }
      & > article > footer .date {
        padding-left: 16px;
        background: url('img/icon-date.gif') no-repeat left center;
      }
      & > article > footer .cat-links {
        margin-left: 1px;
        padding-left: 16px;
        background: url('img/icon-cat.gif') no-repeat left center;
      }
      & > article > footer .tags-links {
        margin-left: 1px;
        padding-left: 15px;
        background: url('img/icon-tags.gif') no-repeat left center;
      }
      & > article > footer .by-author {
        margin-left: 1px;
        padding-left: 13px;
        background: url('img/icon-author.gif') no-repeat left center;
      }
      & > article > footer .comments-link {
        margin-left: 1px;
        padding-left: 21px;
        background: url('img/icon-comments.gif') no-repeat left center;
      }
      & > dl {
        margin-top: 0;
        margin-right: 30px;
        margin-bottom: 0;
        margin-left: 30px;
        padding-top: 0;
        padding-right: 0;
        padding-bottom: 0;
        padding-left: 0;
      }
      & > dl:after {
        clear: both;
        display: table;
        content: "";
      }
      & > dl > dt {
        width: 154px;
        padding-top: 12px;
        padding-right: 5px;
        padding-bottom: 11px;
        padding-left: 24px;
        background-image: url('img/icon-arrow-01.gif');
        background-position: left 1.2em;
        background-repeat: no-repeat;
        float: left;
      }
      & > dl > dd {
        width: 100%;
        margin-top: 0;
        margin-left: -154px;
        margin-right: 0;
        margin-bottom: 0;
        border-bottom: 1px #c3c0b3 dotted;
        padding-top: 12px;
        padding-right: 0;
        padding-bottom: 11px;
        padding-left: 154px;
        float: left;
      }
      & > ul {
        margin-top: 0;
        margin-right: 30px;
        margin-bottom: 0;
        margin-left: 30px;
        padding-top: 0;
        padding-right: 0;
        padding-bottom: 0;
        padding-left: 0;
        list-style: none;
      }
      & > ul > li {
      }
      & > ul > li > a {
        border-bottom: 1px #c3c0b3 dotted;
        padding-top: 12px;
        padding-right: 5px;
        padding-bottom: 11px;
        padding-left: 24px;
        background-image: url('img/icon-arrow-01.gif');
        background-position: left 1.2em;
        background-repeat: no-repeat;
        display: block;
      }
      & > nav {
        margin-bottom: 0;
      }
      & > nav div {
        width: 50%;
      }
      & > nav .nav-previous {
        margin-left: 0;
        float: left;
      }
      & > nav .nav-next {
        text-align: right;
        margin-right: 0;
        float: right;
      }
      & > nav a {
        font-style: italic;
        text-decoration: underline;
      }
      & > .hpb-more-entry {
        font-size: 12px;
        font-size: 1.2rem;
        text-align: right;
        margin-top: 0;
        margin-right: 0;
        margin-bottom: 0;
        margin-left: 0;
        clear: both;
      }
      & > .hpb-more-entry a {
        font-size: 12px;
        font-size: 1.2rem;
        color: #333;
        text-align: center;
        text-decoration: none;
        margin-top: 25px;
        margin-right: 0;
        margin-bottom: 0;
        border-radius: 0;
        border: 1px #dfdfdf solid;
        padding-top: 6px;
        padding-right: 12px;
        padding-bottom: 5px;
        padding-left: 12px;
        background-color: #f7f7f7;
        display: inline-block;
      }
      &.hpb-viewtype-date > .hpb-more-entry a,
      &.hpb-viewtype-title > .hpb-more-entry a,
      &.hpb-viewtype-content > .hpb-more-entry a {
        margin-right: 30px;
      }
    ]]>
      <media type="mobile">
        <![CDATA[
      & dl dd {
        margin-left: 20px;
      }
      &.hpb-viewtype-date dt {
        padding-bottom: 5px;
        width: 100%;
      }
      &.hpb-viewtype-date dd {
        padding: 0 0 5px 5px;
      }
      ]]>
      </media>
    </part-preset>
    <!-- ページ内容 -->
    <part-preset name="block-container-1" type="block-container" image-path="preset/block-container-1.png">
      <![CDATA[
      & {
        margin-top: 0;
        margin-bottom: 23px;
        border: 1px #e3e3e3 solid;
        border-top: none;
        padding-top: 23px;
        padding-right: 30px;
        padding-left: 30px;
        padding-bottom: 30px;
        background: #fff;
        box-shadow: 0 3px 0 0 #eaeaea;
      }
      & > p {
        margin-top: 0;
        margin-bottom: 19px;
      }
      & > img {
        margin-top: 0;
        margin-bottom: 19px;
      }
      & > h1 {
        font-size: 16px;
        font-size: 1.6rem;
        font-weight: bold;
        margin-bottom: 20px;
        border-bottom: 2px #97ca00 solid;
        clear: both;
      }
      & > h2 {
        font-size: 16px;
        font-size: 1.6rem;
        font-weight: bold;
        margin-bottom: 20px;
        border-bottom: 1px #bfbfbf solid;
        clear: both;
      }
      & > h3 {
        font-size: 16px;
        font-size: 1.6rem;
        font-weight: normal;
        margin-bottom: 21px;
        border-bottom: 1px #bfbfbf solid;
        clear: both;
      }
      & > h4 {
        font-size: 15px;
        font-size: 1.5rem;
        font-weight: normal;
        margin-bottom: 21px;
        border-bottom: 1px #bfbfbf solid;
        clear: both;
      }
      & > h5 {
        font-size: 14px;
        font-size: 1.4rem;
        font-weight: normal;
        margin-bottom: 21px;
        border-bottom: 1px #bfbfbf solid;
        clear: both;
      }
      & > h6 {
        font-size: 13px;
        font-size: 1.3rem;
        font-weight: normal;
        margin-bottom: 20px;
        border-bottom: 1px #bfbfbf solid;
        clear: both;
      }
      & > blockquote {
        margin-top: 0;
        margin-right: 0;
        margin-bottom: 16px;
        margin-left: 0;
        -webkit-border-radius: 3px;
        border-radius: 3px;
        padding-top: 1em;
        padding-right: 30px;
        padding-bottom: 1em;
        padding-left: 30px;
        background: #f8f8f8;
      }
      & > blockquote p {
        margin-top: 19px;
        margin-bottom: 0;
      }
      & > p:first-child {
        margin-top: 0;
      }
      & > ol {
        margin-top: 0;
        margin-right: 0;
        margin-bottom: 18px;
        margin-left: 0;
        padding-top: 0;
        padding-right: 0;
        padding-bottom: 0;
        padding-left: 13px;
        list-style-position: inside;
      }
      & > ol ol {
        margin-bottom: 0;
      }
      & > ins {
        text-decoration: none;
        padding: 5px 3px;
        background-color: #fff9c0;
      }
      & > pre {
        overflow: auto;
        word-wrap: normal;
        padding-top: 20px;
        padding-right: 20px;
        padding-bottom: 20px;
        padding-left: 20px;
        background-color: #f5f5f5;
      }
      & > hr {
        margin-bottom: 19px;
        border-top: 1px solid #97ca00;
      }
    ]]>
    </part-preset>
    <!--コラム-->
    <part-preset name="column-1" type="column" image-path="preset/column-1.png">
      <![CDATA[& {
      width: 100%;
      height: auto;
      }
      & > .column-label {
      background: #f0f7d5;
      padding: 0 13px;
      }
      & > .column-label h3 {
      position: relative;
      font-size: 12px;
      color: #333333;
      margin:0;
      }
      & > .column-body {
      width: auto;
      height: auto;
	  margin: 1px 0 0;
      border: #f0f7d5 solid 2px;
      }
      
      /*アコーディオン*/
      &.accordion > .column-label h3::after {
      border-top: rgba(0,0,0,0.45) solid 5px;
      }
      &.toggled-on > .column-label h3::before {
      border-bottom: rgba(0,0,0,0.45) solid 5px;
      }]]>
    </part-preset>
    <part-preset name="column-2" type="column" image-path="preset/column-2.png">
      <![CDATA[& {
      width: 100%;
      height: auto;
      }
      & > .column-label {
      background: #83a520;
      padding: 0 13px;
      }
      & > .column-label h3 {
      position: relative;
      font-size: 12px;
      color: #ffffff;
      margin:0;
      }
      & > .column-body {
      width: auto;
      height: auto;
	  margin: 1px 0 0;
      border: #83a520 solid 2px;
      }
      ]]>
    </part-preset>
    <!-- リスト -->
    <part-preset name="list-1" type="list" image-path="preset/list-1.png">
      <![CDATA[
      & {
        margin-top: 0;
        margin-right: 0;
        margin-bottom: 18px;
        margin-left: 0;
        padding-top: 0;
        padding-right: 0;
        padding-bottom: 0;
        padding-left: 13px;
        list-style: none;
      }
      & > ul {
        margin-bottom: 0;
      }
      & > li {
        padding-top: 0;
        padding-right: 0;
        padding-bottom: 0;
        padding-left: 10px;
        background: url('img/icon-arrow-03.gif') no-repeat left 0.5em;
      }
    ]]>
    </part-preset>
    <!-- 定義リスト -->
    <part-preset name="definition-list-1" type="definition-list" image-path="preset/definition-list-1.png">
      <![CDATA[
      & {
        margin: 0 0 19px;
      }
      & > dt {
        margin-top: 25px;
        border-left: 5px #fdbb36 solid;
        padding-left: 15px;
      }
      & > dt:first-child {
        margin-top: 0;
      }
      & > dd {
        margin-top: 10px;
        margin-right: 0;
        margin-bottom: 0;
        margin-left: 40px;
      }
    ]]>
    </part-preset>
    <!-- 表 パターン1 -->
    <part-preset name="table-1" type="table" image-path="preset/table-1.png">
      <![CDATA[
      & {
        width: 100%;
        margin-top: 0;
        margin-right: 0;
        margin-bottom: 25px;
        margin-left: 0;
        border: 1px #bfbfbf solid;
        border-collapse: collapse;
      }
      & > tbody > tr > th {
        color: #333;
        font-weight: bold;
        vertical-align: top;
        border: 1px #bfbfbf solid;
        padding-top: 6px;
        padding-right: 20px;
        padding-bottom: 6px;
        padding-left: 20px;
        background-color: #f0f7d5;
      }
      & > tbody > tr > td {
        border: 1px #bfbfbf solid;
        padding-top: 6px;
        padding-right: 20px;
        padding-bottom: 6px;
        padding-left: 20px;
        background-color: #fff;
      }
    ]]>
    </part-preset>
    <!-- 表 パターン2 -->
    <part-preset name="table-2" type="table" image-path="preset/table-2.png">
      <![CDATA[
      & {
        width: 100%;
        margin-top: 0;
        margin-right: 0;
        margin-bottom: 25px;
        margin-left: 0;
        border: 1px #bfbfbf solid;
        border-collapse: collapse;
      }
      & > tbody > tr > th {
        color: #fff;
        font-weight: bold;
        border: 1px #bfbfbf solid;
        padding-top: 6px;
        padding-right: 20px;
        padding-bottom: 6px;
        padding-left: 20px;
        background-color: #89b603;
      }
      & > tbody > tr > td {
        border: 1px #bfbfbf solid;
        padding-top: 6px;
        padding-right: 20px;
        padding-bottom: 6px;
        padding-left: 20px;
        background-color: #fff;
      }
    ]]>
    </part-preset>
    <!-- ボタン パターン1 -->
    <part-preset name="button-1" type="button" image-path="preset/button-1.png">
      <![CDATA[
      & > a {
        font-size: 12px;
        font-size: 1.2rem;
        color: #555;
        text-align: center;
        text-decoration: none;
        margin-top: 15px;
        margin-right: 0;
        margin-bottom: 0;
        border-radius: 0;
        border: 1px #dfdfdf solid;
        padding-top: 6px;
        padding-right: 12px;
        padding-bottom: 5px;
        padding-left: 12px;
        background-color: #f7f7f7;
      }
      & > a:before {
        width: 4px;
        height: 7px;
        vertical-align: middle;
        margin-right: 10px;
        background-image: url('img/icon-arrow-02.gif');
        display: inline-block;
        content: "";
      }
    ]]>
    </part-preset>
    <!-- ボタン パターン2 -->
    <part-preset name="button-2" type="button" image-path="preset/button-2.png">
      <![CDATA[
      & > a {
        font-size: 12px;
        font-size: 1.2rem;
        color: #fff;
        text-align: center;
        text-decoration: none;
        margin-top: 15px;
        margin-right: 0;
        margin-bottom: 0;
        border-radius: 0;
        border: none;
        padding-top: 7px;
        padding-right: 13px;
        padding-bottom: 6px;
        padding-left: 13px;
        background-color: #97ca00;
      }
      & > a:before {
        width: 4px;
        height: 7px;
        vertical-align: middle;
        margin-right: 10px;
        background-image: url('img/icon-arrow-04.gif');
        display: inline-block;
        content: "";
      }
    ]]>
    </part-preset>
    <!-- ボタン パターン3 -->
    <part-preset name="button-3" type="button" image-path="preset/button-3.png">
      <![CDATA[
      & > a {
        font-size: 12px;
        font-size: 1.2rem;
        color: #555;
        text-align: center;
        text-decoration: none;
        margin-top: 15px;
        margin-right: 0;
        margin-bottom: 0;
        border-radius: 6px;
        border: 1px #dfdfdf solid;
        padding-top: 6px;
        padding-right: 12px;
        padding-bottom: 5px;
        padding-left: 12px;
        background-color: #f7f7f7;
      }
      & > a:before {
        width: 4px;
        height: 7px;
        vertical-align: middle;
        margin-right: 10px;
        background-image: url('img/icon-arrow-02.gif');
        display: inline-block;
        content: "";
      }
    ]]>
    </part-preset>
    <!-- ボタン パターン4 -->
    <part-preset name="button-4" type="button" image-path="preset/button-4.png">
      <![CDATA[
      & > a {
        font-size: 12px;
        font-size: 1.2rem;
        color: #fff;
        text-align: center;
        text-decoration: none;
        margin-top: 15px;
        margin-right: 0;
        margin-bottom: 0;
        border-radius: 6px;
        border: none;
        padding-top: 7px;
        padding-right: 13px;
        padding-bottom: 6px;
        padding-left: 13px;
        background-color: #97ca00;
      }
      & > a:before {
        width: 4px;
        height: 7px;
        vertical-align: middle;
        margin-right: 10px;
        background-image: url('img/icon-arrow-04.gif');
        display: inline-block;
        content: "";
      }
    ]]>
    </part-preset>
    <!-- お問い合わせフォーム -->
    <part-preset name="form-1" type="form" image-path="preset/form-1.png">
      <![CDATA[
      & {
        margin-bottom: 25px;
      }
      & > table {
        width: 100%;
        margin-top: 0;
        margin-right: 0;
        margin-bottom: 25px;
        margin-left: 0;
        border: 1px #bfbfbf solid;
        border-collapse: collapse;
      }
      & > table th {
        color: #333;
        font-weight: bold;
        vertical-align: top;
        border: 1px #bfbfbf solid;
        padding-top: 6px;
        padding-right: 20px;
        padding-bottom: 6px;
        padding-left: 20px;
        background-color: #f0f7d5;
      }
      & > table td {
        border: 1px #bfbfbf solid;
        padding-top: 6px;
        padding-right: 20px;
        padding-bottom: 6px;
        padding-left: 20px;
        background-color: #fff;
      }
      & > input {
        width: 100%;
      }
      & > textarea[name="message"] {
        width: 100%;
      }
      & > input[type="submit"] {
        width: auto;
        font-size: 14px;
        font-size: 1.4rem;
        color: #fff;
        text-align: center;
        text-decoration: none;
        margin-top: 0;
        margin-right: 0;
        margin-bottom: 0;
        border-radius: 6px;
        border: none;
        padding-top: 8px;
        padding-right: 20px;
        padding-bottom: 8px;
        padding-left: 20px;
        background-color: #fdbb36;
        display: inline-block;
        float: left;
       }
    ]]>
      <media type="mobile">
        <![CDATA[
        & > table {
          border: none;
        }
        & > table th,
        & > table td {
          display: block;
        }
      ]]>
      </media>
    </part-preset>
    <!-- フッターコンテンツ内容 -->
    <part-preset name="block-container-footer" type="block-container" image-path="preset/block-container-footer.png">
      <![CDATA[
      & {
        border-top: 1px #d0dbb1 solid;
        padding-top: 15px;
        padding-bottom: 15px;
        position: relative;
        clear: both;
      }
      & > * {
        margin-top: 10px;
        margin-bottom: 0;
      }
      & > *:first-child {
        margin-top: 0;
      }
    ]]>
      <media type="pc">
        <![CDATA[
        & {
          padding-top: 15px;
          padding-bottom: 15px;
          padding-left: 100%;
          padding-right: 100%;
          margin-left: -100%;
          margin-right: -100%;
        }
      ]]>
      </media>
      <media type="mobile">
        <![CDATA[
        & {
          padding-top: 15px;
          padding-right: 10px;
          padding-bottom: 15px;
          padding-left: 10px;
        }
        & .copyright {
          text-align: center;
        }
      ]]>
      </media>
    </part-preset>
    <!-- アイテムギャラリー -->
    <part-preset name="item-gallery-1" type="item-gallery" image-path="preset/item-gallery-1.png" view="item-view-6">
      <![CDATA[
    &> ul {
        margin: 0;
        padding: 0;
        width: 100%;
        list-style: none;
    }
    &> ul> li {
        margin: 5px;
        width: 190px;
        height: 305px;
        box-sizing:border-box;
        float: left;
        padding: 10px;
        background-color: #fff;
        border:solid 1px #e3e3e3;
        border-top:solid 1px #97ca00;
        border-radius: 0px;

        text-align: left;
        font-size: 12px;
        color: #333;
        line-height: 1.2em;
    }
    &> ul> li> div.item-gallery-photo {
        margin-bottom: 10px;
    }
    &> ul> li> div.item-gallery-photo:last-child {
        margin-bottom: 0;
    }
    &> ul> li> div img.item-gallery-thumbnail {
        border: none;
        display: block;
        width: 100%;
    }
    &> ul> li> p:last-child {
        margin-bottom: 0;
    }
    &> ul> li> p.item-gallery-content {
        margin: 0;
    }
    &> ul> li> p.item-gallery-icons + p.item-gallery-content {
        margin-top: 5px;
    }
    &> ul> li> p.item-gallery-title {
        overflow: hidden;
        text-overflow: ellipsis;
        white-space: nowrap;
        word-wrap: normal;

        margin: -10px (-10px) 12px;
        padding-left:10px;
        color:#333;
        background-color:#f9f9f9;
        border-top:solid 1px #97ca00;
        border-bottom:dotted 1px #e4e4e4;
        font-size:1.2em;
        font-weight:bold;
        line-height:2.5em;
        text-align:left;
    }
    &> ul> li> p.item-gallery-icons {
        min-height:20px;
        width:100%;
        text-align:left;
        margin-bottom: 0;
    }
    &> ul> li> p.item-gallery-icons span {
        display:inline-block;
        height:12px;
        border-radius:3px;
        margin-right:3px;

        line-height:12px;
        text-align:center;
    }
    &> ul> li> p.item-gallery-icons .item-gallery-icon-new {
        width:26px;

        background:#f06060, url(preset/icons/item-gallery-icon1.png) no-repeat center 50%;
    }
    &> ul> li> p.item-gallery-icons .item-gallery-icon-popular {
        width:42px;

        background:#04bfbf, url(preset/icons/item-gallery-icon2.png) no-repeat center 50%;
    }
    &> ul> li> p.item-gallery-icons .item-gallery-icon-recomend {
        width:38px;

        background:#e6a408, url(preset/icons/item-gallery-icon3.png) no-repeat center 50%;
    }
    &> ul> li> p.item-gallery-icons .item-gallery-icon-sale {
        width:29px;

        background:#0a7bb5, url(preset/icons/item-gallery-icon4.png) no-repeat center 50%;
        margin-right:0;
    }
    &> ul> li> p.item-gallery-price {
        overflow: hidden;
        text-overflow: ellipsis;
        white-space: nowrap;
        word-wrap: normal;

        color:#333;
        text-align:left;
        margin-bottom:5px;
    }
    &> ul> li> p.item-gallery-price .item-gallery-price-before {
        margin-right: 5px;
        color: #97ca00;
        font-weight:bold;
    }
    &> ul> li> p.item-gallery-price .item-gallery-price-after {
        margin-left: 5px;
        font-size:small;
        color: #ccc;
    }
    &> ul> li a.item-gallery-link:hover img {
        filter: alpha(opacity=60);
        opacity: 0.6;
    }
    ]]>
    </part-preset>
  </styles>
  <styles site-type="wordpress">
    <layout-style>
      <![CDATA[
      /* comments */
      .comments-area .comments-title,
      .comments-area .comment-reply-title {
        font-size: 14px;
        font-size: 1.4rem;
        font-weight: normal;
        color: #fff;
        margin-top: 0;
        margin-left: 0;
        margin-right: 0;
        margin-bottom: 26px;
        padding-top: 5px;
        padding-left: 30px;
        padding-right: 30px;
        padding-bottom: 5px;
        background: #97ca00;
      }
      .comments-area ol.comment-list {
        list-style: none;
        margin-top: 0;
        margin-left: 30px;
        margin-right: 30px;
        margin-bottom: 0;
        padding-top: 0;
        padding-left: 0;
        padding-right: 0;
        padding-bottom: 0;
      }
      .comments-area ol.comment-list ul {
        list-style: none;
        margin-top: 0;
        margin-left: 30px;
        margin-right: 0;
        margin-bottom: 0;
        padding-top: 0;
        padding-left: 0;
        padding-right: 0;
        padding-bottom: 0;
      }
      .site-content .comments-area article {
        border: none;
        border-bottom: 1px dashed #ccc;
        padding-bottom: 23px;
        box-shadow: none;
      }
      .comments-area article footer {
        margin-bottom: 15px;
      }
      .comments-area .comment-author img {
        margin-right: 20px;
        float: left;
        display: block;
      }
      .comments-area .fn {
        font-style: normal;
      }
      .comments-area .reply {
        text-align: right;
      }
      .comments-area .reply a {
        color: #fff;
        -webkit-border-radius: 3px;
        border-radius: 3px;
        padding-top: 7px;
        padding-left: 13px;
        padding-right: 13px;
        padding-bottom: 7px;
        background: #fdbb36;
        display: inline-block;
      }
      .comments-area .comment-form {
        margin-top: 0;
        margin-left: 30px;
        margin-right: 30px;
        margin-bottom: 0;
      }
      .comments-area .comment-form-comment label {
        display: block;
      }
      .comments-area .comment-form-comment textarea {
        width: 100%;
        height: 158px;
        border: 1px solid #ccc;
        resize: vertical;
      }
      .comments-area .form-submit {
        text-align: right;
      }
      .comments-area .form-submit .submit {
        color: #fff;
        background: #fdbb36;
        padding-top: 7px;
        padding-left: 13px;
        padding-right: 13px;
        padding-bottom: 7px;
        -webkit-border-radius: 3px;
        border-radius: 3px;
        border: none;
        display: inline-block;
      }

      /* WordPress Core */
      .alignnone {
        margin: 5px 20px 20px 0;
      }

      .aligncenter,
      div.aligncenter {
        display: block;
        margin: 5px auto 5px auto;
      }

      .alignright {
        float: right;
        margin: 5px 0 20px 20px;
      }

      .alignleft {
        float: left;
        margin: 5px 20px 20px 0;
      }

      .aligncenter {
        display: block;
        margin: 5px auto 5px auto;
      }

      a img.alignright {
        float: right;
        margin: 5px 0 20px 20px;
      }

      a img.alignnone {
        margin: 5px 20px 20px 0;
      }

      a img.alignleft {
        float: left;
        margin: 5px 20px 20px 0;
      }

      a img.aligncenter {
        display: block;
        margin-left: auto;
        margin-right: auto;
      }

      .wp-caption {
        background-color: #fff;
        border: 1px solid #f0f0f0;
        max-width: 96%; /* Image does not overflow the content area */
        padding: 5px 3px 10px;
        text-align: center;
      }

      .wp-caption.alignnone {
        margin: 5px 20px 20px 0;
      }

      .wp-caption.alignleft {
        margin: 5px 20px 20px 0;
      }

      .wp-caption.alignright {
        margin: 5px 0 20px 20px;
      }

      .wp-caption img {
        border: 0 none;
        height: auto;
        margin: 0;
        max-width: 98.5%;
        padding: 0;
        width: auto;
      }

      .wp-caption p.wp-caption-text {
        font-size: 11px;
        line-height: 17px;
        margin: 0;
        padding: 0 4px 5px;
      }
    ]]>
      <media type="pc">
        <![CDATA[
        .sp-footer-inner .sp-wp-login-button {
          text-align: right;
          padding-bottom: 15px;
          display: block;
        }
      ]]>
      </media>
      <media type="mobile">
        <![CDATA[
        .sp-footer-inner .sp-wp-login-button {
          text-align: center;
          padding-bottom: 15px;
        }
        .sp-footer-inner .sp-wp-login-button a {
          margin-right: auto;
          margin-left: auto;
        }
      ]]>
      </media>
    </layout-style>
    <!-- ウィジェットエリア パターン1 -->
    <part-preset name="wp-widget-area-1" type="wp-widget-area" image-path="preset/wp-widget-area-1.png">
      <![CDATA[
      /* widget
      ++++++++++++++++++++++++++++++++++++++++++++++++++++++++++++++++++++++++++++ */
      & .widget {
        margin-bottom: 30px;
        padding: 0 0 15px;
        border: 1px #e3e3e3 solid;
        border-radius: 0 0 3px 3px;
        background: #fff;
        -webkit-box-shadow: 0 3px 0 0 #eaeaea;
        box-shadow: 0 3px 0 0 #eaeaea;
      }

      /* ==|== widget title =================================================== */
      & .widget .widget-title {
        font-size: 16px;
        font-size: 1.6rem;
        position: relative;
        margin-top: -1px;
        margin-left: -1px;
        margin-right: -1px;
        margin-bottom: 0;
        padding-top: 8px;
        padding-right: 30px;
        padding-bottom: 8px;
        padding-left: 30px;
        color: #fff;
        border: 1px #6f9501 solid;
        border-radius: 3px 3px 0 0;
        background: #fff url('img/back-title-02.png') repeat-x;
      }

      & .widget .widget-title:before {
        width: 6px;
        min-height: 25px;
        color: #c8e162;
        position: absolute;
        -webkit-border-radius: 3px;
        border-radius: 3px;
        background: #c8e162;
        content: "\0020";
        display: block;
        top: 8px;
        left: 13px;
        bottom: 7px;
        z-index: 1;
        overflow: hidden;
      }
      & .widget .widget-title a {
        color: #fff;
      }

      /* ==|== widget base =================================================== */
      & .widget ul {
        margin-top: 15px;
        margin-left: 30px;
        margin-right: 30px;
        margin-bottom: 0;
        padding-top: 0;
        padding-left: 0;
        padding-right: 0;
        padding-bottom: 0;
        list-style: none;
      }

      & .widget ul ul {
        margin-top: 5px;
        margin-left: -21px;
        margin-right: -10px;
        margin-bottom: -5px;
        border-bottom: none;
        background-color: #fff;
      }

      & .widget ul ul ul {
        margin-left: -41px;
        margin-right: -20px;
      }

      & .widget ul li {
        background-image: url(img/icon-arrow-01.gif);
        background-repeat: no-repeat;
        background-position: 0 0.7em;
        padding-top: 5px;
        padding-left: 21px;
        padding-right: 10px;
        padding-bottom: 5px;
        border-bottom: dotted 1px #c3c0b3;
      }

      & .widget ul li li {
        background-position: 21px 0.7em;
        padding-left: 42px;
        padding-right: 20px;
      }

      & .widget ul li li li {
        background-position: 42px 0.7em;
        padding-left: 63px;
        padding-right: 20px;
      }

      & .widget ul li li li li {
        display: none;
      }

      & .widget select {
        width: 90%;
        display: block;
        margin-top: 15px;
        margin-left: auto;
        margin-right: auto;
        margin-bottom: 0;
      }

      /* ==|== pages widget =================================================== */
      & .widget_pages {
      }

      /* ==|== archive widget =================================================== */
      & .widget_archive {
      }

      /* ==|== categories widget =================================================== */
      & .widget_categories {
      }

      /* ==|== tag-cloud widget =================================================== */
      & .widget_tag_cloud .tagcloud {
        margin-top: 15px;
        padding-top: 0;
        padding-left: 30px;
        padding-right: 30px;
        padding-bottom: 0;
      }

      /* ==|== calendar widget ==================================================== */
      & .widget_calendar #calendar_wrap {
        padding-top: 10px;
        padding-left: 30px;
        padding-right: 30px;
        padding-bottom: 0;
      }

      & .widget_calendar table {
        width: 100%;
        text-align: center;
        border-collapse: collapse;
      }

      & .widget_calendar table thead th {
        border: 1px #bfbfbf solid;
        background: #f0f7d5;
      }

      & .widget_calendar table tbody td {
        border: 1px #bfbfbf solid;
      }
      & .widget_calendar table tfoot td#prev {
        text-align: left;
      }
      & .widget_calendar table tfoot td#next {
        text-align: right;
      }

      /* ==|== rss widget ====================================================== */
      & .widget_rss .rsswidget {
        margin-top: 15px;
      }

      & .widget_rss .rss-date {
        font-style: italic;
        display: block;
        margin-bottom: 10px;
      }

      & .widget_rss cite {
        display: block;
        text-align: right;
      }

      /* ==|== search widget ====================================================== */
      & .widget_search .searchform {
        margin-top: 15px;
        padding-top: 0;
        padding-left: 30px;
        padding-right: 30px;
        padding-bottom: 0;
      }

      & .widget_search .field {
        width: 71.3%;
        outline: none;
        border: 1px #d8d8d8 solid;
        padding: 9px 5px 8px;
        display: block;
        float: left;
      }
      & .widget_search .submit {
        width: 25%;
        color: #fff;
        font-size: 14px;
        font-size: 1.4rem;
        line-height: 1;
        border: none;
        padding-top: 9px;
        padding-left: 0;
        padding-right: 0;
        padding-bottom: 9px;
        background: #fdbb36;
        float: right;
      }

      /* ==|== text widget ======================================================== */
      & .widget_text .textwidget {
        margin-top: 15px;
        padding-top: 0;
        padding-left: 30px;
        padding-right: 30px;
        padding-bottom: 0;
      }

      & .screen-reader-text {
        display:none;
      }
    ]]>
    </part-preset>
    <!-- ウィジェットエリア パターン2 -->
    <part-preset name="wp-widget-area-2" type="wp-widget-area" image-path="preset/wp-widget-area-2.png">
      <![CDATA[
      /* widget
      ++++++++++++++++++++++++++++++++++++++++++++++++++++++++++++++++++++++++++++ */
      & .widget {
        margin-bottom: 30px;
        padding: 0 0 15px;
        border: 1px #e3e3e3 solid;
        border-radius: 0 0 3px 3px;
        background: #fff;
        -webkit-box-shadow: 0 3px 0 0 #eaeaea;
        box-shadow: 0 3px 0 0 #eaeaea;
      }

      /* ==|== widget title =================================================== */
      & .widget .widget-title {
        font-size: 16px;
        font-size: 1.6rem;
        position: relative;
        margin-top: -1px;
        margin-left: -1px;
        margin-right: -1px;
        margin-bottom: 0;
        padding-top: 8px;
        padding-right: 30px;
        padding-bottom: 8px;
        padding-left: 30px;
        color: #fff;
        border: 1px #e39904 solid;
        border-radius: 3px 3px 0 0;
        background-color: #efa50f;
        background-image: url('img/back-title-04.png');
        background-repeat: repeat-x;
      }

      & .widget .widget-title:before {
        width: 6px;
        min-height: 25px;
        color: #fff073;
        position: absolute;
        -webkit-border-radius: 3px;
        border-radius: 3px;
        background: #fff073;
        content: "\0020";
        display: block;
        top: 8px;
        left: 13px;
        bottom: 7px;
        z-index: 1;
        overflow: hidden;
      }
      & .widget .widget-title a {
        color: #fff;
      }

      /* ==|== widget base =================================================== */
      & .widget ul {
        margin-top: 15px;
        margin-left: 30px;
        margin-right: 30px;
        margin-bottom: 0;
        border-bottom-color: #c3c0b3;
        border-bottom-width: 1px;
        border-bottom-style: dotted;
        padding-top: 0;
        padding-left: 0;
        padding-right: 0;
        padding-bottom: 0;
        list-style: none;
      }

      & .widget ul ul {
        margin-top: 5px;
        margin-left: -21px;
        margin-right: -10px;
        margin-bottom: -5px;
        border-bottom: none;
        background-color: #fff;
      }

      & .widget ul ul ul {
        margin-left: -41px;
        margin-right: -20px;
      }

      & .widget ul li {
        background-image: url(img/icon-arrow-01.gif);
        background-repeat: no-repeat;
        background-position: 0 0.7em;
        padding-top: 5px;
        padding-left: 21px;
        padding-right: 10px;
        padding-bottom: 5px;
        border-bottom: dotted 1px #c3c0b3;
      }

      & .widget ul li li {
        background-position: 21px 0.7em;
        padding-left: 42px;
        padding-right: 20px;
      }

      & .widget ul li li li {
        background-position: 42px 0.7em;
        padding-left: 63px;
        padding-right: 20px;
      }

      & .widget ul li li li li {
        display: none;
      }

      & .widget select {
        width: 90%;
        display: block;
        margin-top: 15px;
        margin-left: auto;
        margin-right: auto;
        margin-bottom: 0;
      }

      /* ==|== pages widget =================================================== */
      & .widget_pages {
      }

      /* ==|== archive widget =================================================== */
      & .widget_archive {
      }

      /* ==|== categories widget =================================================== */
      & .widget_categories {
      }

      /* ==|== tag-cloud widget =================================================== */
      & .widget_tag_cloud .tagcloud {
        margin-top: 15px;
        padding-top: 0;
        padding-left: 30px;
        padding-right: 30px;
        padding-bottom: 0;
      }

      /* ==|== calendar widget ==================================================== */
      & .widget_calendar #calendar_wrap {
        padding-top: 10px;
        padding-left: 30px;
        padding-right: 30px;
        padding-bottom: 0;
      }

      & .widget_calendar table {
        width: 100%;
        text-align: center;
        border-collapse: collapse;
      }

      & .widget_calendar table thead th {
        border: 1px #bfbfbf solid;
        background: #f0f7d5;
      }

      & .widget_calendar table tbody td {
        border: 1px #bfbfbf solid;
      }
      & .widget_calendar table tfoot td#prev {
        text-align: left;
      }
      & .widget_calendar table tfoot td#next {
        text-align: right;
      }

      /* ==|== rss widget ====================================================== */
      & .widget_rss .rsswidget {
        margin-top: 15px;
      }

      & .widget_rss .rss-date {
        font-style: italic;
        display: block;
        margin-bottom: 10px;
      }

      & .widget_rss cite {
        display: block;
        text-align: right;
      }

      /* ==|== search widget ====================================================== */
      & .widget_search .searchform {
        margin-top: 15px;
        padding-top: 0;
        padding-left: 30px;
        padding-right: 30px;
        padding-bottom: 0;
      }

      & .widget_search .field {
        width: 71.3%;
        outline: none;
        border: 1px #d8d8d8 solid;
        padding: 9px 5px 8px;
        display: block;
        float: left;
      }
      & .widget_search .submit {
        width: 25%;
        color: #fff;
        font-size: 14px;
        font-size: 1.4rem;
        line-height: 1;
        border: none;
        padding-top: 9px;
        padding-left: 0;
        padding-right: 0;
        padding-bottom: 9px;
        background: #fdbb36;
        float: right;
      }

      /* ==|== text widget ======================================================== */
      & .widget_text .textwidget {
        margin-top: 15px;
        padding-top: 0;
        padding-left: 30px;
        padding-right: 30px;
        padding-bottom: 0;
      }

      & .screen-reader-text {
        display:none;
      }
    ]]>
    </part-preset>
    <!-- ログインボタン パターン1 -->
    <part-preset name="wp-login-button-1" type="wp-login-button" image-path="preset/wp-login-1.png">
      <![CDATA[
      & a {
        font-size: 13px;
        font-size: 1.3rem;
        color: #333;
        text-align: center;
        text-decoration: none;
        border-radius: 0;
        border: none;
        padding-top: 6px;
        padding-right: 18px;
        padding-bottom: 6px;
        padding-left: 18px;
        background-color: transparent;
        display: inline-block;
      }
      & a:before {
        width: 4px;
        height: 7px;
        vertical-align: middle;
        margin-right: 5px;
        background-image: url('img/icon-arrow-02.gif');
        display: inline-block;
        content: "";
      }
    ]]>
    </part-preset>
    <!-- ログインボタン パターン2 -->
    <part-preset name="wp-login-button-2" type="wp-login-button" image-path="preset/wp-login-2.png">
      <![CDATA[
      & a {
        font-size: 13px;
        font-size: 1.3rem;
        color: #fff;
        text-align: center;
        text-decoration: none;
        border-radius: 0;
        border: none;
        padding-top: 6px;
        padding-right: 18px;
        padding-bottom: 6px;
        padding-left: 18px;
        background-color: #fdbb36;
        display: inline-block;
      }
      & a:before {
        width: 4px;
        height: 7px;
        vertical-align: middle;
        margin-right: 5px;
        background-image: url('img/icon-arrow-04.gif');
        display: inline-block;
        content: "";
      }
    ]]>
    </part-preset>
  </styles> /* カラーパレット */ <color-palette>#97CA00 #669900 #F9FCEE #FFCC66 #C3C0B3</color-palette>
</design>
