﻿
<?xml version="1.0" encoding="UTF-8"?>
<site preset-id="05">
  <title>ＣＨＩ海外旅行センター</title>
  <catchphrase>格安航空券販売・中国ビザ申請代行</catchphrase>
  <pages>
    <home name="toppage">
      <title>トップページ</title>
      <content>
        <part type="page-title"></part>
        <page-content>
          <p class="large">ＣＨＩ海外旅行センターは格安航空券の取り扱い・海外ホテル宿泊予約・中国ビザ申請代行業務を専門に扱っている旅行会社です。</p>
        </page-content>
        <part type="wp-post-list">
          <post-list post-type="news" view-type="date" title="新着情報" posts-per-page="5" pagenation="0" />
        </part>
      </content>
      <seo-settings>
        <description>格安航空券を取り扱っている旅行会社です</description>
        <keywords>格安航空券,海外航空券,中国専門,中国ビザ</keywords>
      </seo-settings>
    </home>
    <page name="itemlist">
      <title>取扱業務</title>
      <content>
        <part type="page-title"></part>
        <page-content>
          <style><![CDATA[
  & {
    font-size : 2.5rem;
  }
]]></style>
          <p>
            <b class="character" style="font-size : 1.7rem;">・格安航空券</b>
          </p>
          <p>
            <b class="character" style="font-size : 1.7rem;">・海外ホテル宿泊予約</b>
          </p>
          <p>
            <b class="character" style="font-size : 1.7rem;">・中国ビザ申請代行</b>
          </p>
          <p></p>
        </page-content>
        <part type="wp-post-list">
          <style>
            <media type="pc"><![CDATA[
  &.sp-wp-post-list {
    margin-right : 1px;
  }
]]></media>
          </style>
          <post-list post-type="item" view-type="thumbnail" title="商品一覧" order="ASC" orderby="title" pagenation="1" />
        </part>
      </content>
    </page>
    <page name="company">
      <title>会社案内</title>
      <content>
        <part type="page-title"></part>
        <page-content>
          <hr />
          <h3>会社概要</h3>
          <part type="definition-list">
            <dt>店名</dt>
            <dd>ＣＨＩ海外旅行センター　</dd>
            <dt>社名</dt>
            <dd>株式会社シーエイチアイ</dd>
            <dt>代表者</dt>
            <dd>代表取締役　露崎　強</dd>
            <dt>本社所在地</dt>
            <dd>〒106-0046<br />東京都港区元麻布3-4-41　麻布台ナショナルコート１Ｆ<br />TEL. 03-3404-3988<br />FAX. 03-5646-6886<br />
              <a href="access.html">→アクセス</a>
            </dd>
            <dt>従業員数</dt>
            <dd>4名（2020年3月現在）</dd>
          </part>
        </page-content>
      </content>
    </page>
    <page name="recruit">
      <title>採用情報</title>
      <content>
        <part type="page-title"></part>
        <page-content>
          <p class="large">現在募集はしておりません。</p>
        </page-content>
      </content>
    </page>
    <page name="contact1">
      <title>お問い合わせ</title>
      <content>
        <part type="page-title"></part>
        <page-content>
          <p class="large">弊社にお問い合わせは、こちらで受付しております。</p>
          <h3>電話・FAX</h3>
          <part type="definition-list">
            <dt>TEL</dt>
            <dd>日本語：03-3404-3988・中国語：03-5474-3988</dd>
            <dd>平日09：00～18：00　土曜09：00～12：00　日曜・祝日：休日</dd>
            <dt>FAX</dt>
            <dd>24時間受付：03-3404-3995</dd>
          </part>
          <h3>お問い合わせフォーム</h3>
          <p>弊社にお問い合わせは、下記にて承っております。</p>
          <p>*は必須項目です。</p>
          <part type="form" action="chi34043988@yahoo.co.jp?subject=問い合わせ" method="POST" submit_label="送信" enctype="text/plain" charset="" name="sp_form">
            <field type="textarea" name="message" cols="40" rows="12" required="required">お問い合わせ内容 *</field>
            <field type="text" name="name-kanji" required="required">お名前（漢字）*</field>
            <field type="text" name="kana" required="required">お名前（フリガナ）*</field>
            <field type="text" name="email" required="required">E-Mail*</field>
            <field type="text" name="tel" required="required">電話番号（半角）*</field>
            <field type="text" name="fax">FAX番号（半角）</field>
          </part>
        </page-content>
      </content>
    </page>
    <page name="access">
      <title>アクセス</title>
      <content>
        <part type="page-title"></part>
        <page-content>
          <part type="yahoo-map">
            <style preset="sp-preset1">
              <media type="pc">
                <![CDATA[
          & {
            width: 400px;
            min-height: 300px;
          }
        ]]>
              </media>
              <media type="mobile">
                <![CDATA[
          & {
            width: 100%;
            min-height: 300px;
          }
        ]]>
              </media>
            </style>
            <location latitude="35.65689735" longitude="139.72718448" defaultmaptype="0" level="19" slider="yes" centerpos="yes" centerbtn="no" homebtn="no" mapkey="dj00aiZpPXhYVkNyQ21QbjRaQSZzPWNvbnN1bWVyc2VjcmV0Jng9ZTM-">
              <marker event="0" iconurl="" info="no" infocontent="" latitude="35.65689735" longitude="139.72718448" name="CHI海外旅行センター" showlabel="no"></marker>
            </location>
          </part>
          <p>CHI海外旅行センター<br />
            <br />〒106-0046　東京都港区元麻布3-4-41-1F<br />TEL.03-3404-3988</p>
          <hr />
          <h3>周辺地図</h3>
          <part type="image">
            <image src="img\map-img3.JPG" width="500" height="375" alt="周辺地図" class="left" />
          </part>
          <h3>電車の場合</h3>
          <p>東京メトロ日比谷線六本木駅六本木ヒルズ方面出口より旧テレビ朝日通り沿い徒歩10分</p>
          <p>*自動車でご来店の場合駐車場がございますので事前にお知らせください<br />
          </p>
          <p></p>
        </page-content>
      </content>
    </page>
    <page name="privacy">
      <title>プライバシーポリシー</title>
      <content>
        <part type="page-title"></part>
        <page-content>
          <p class="large">CHI海外旅行センター（以下当社）では、個人情報に関する法令およびその他の規範を遵守し、お客様の大切な個人情報の保護に万全を尽くします。</p>
          <h3>個人情報の収集について</h3>
          <p>当社では、次のような場合に必要な範囲で個人情報を収集することがあります。</p>
          <part type="list">
            <li>当社へのお問い合わせ時</li>
            <li>当社へのサービスお申し込み時</li>
          </part>
          <hr />
          <h3>個人情報の利用目的について</h3>
          <p>当社は、お客様から収集した個人情報を次の目的で利用いたします。</p>
          <part type="list">
            <li>お客様への連絡のため</li>
            <li>お客様からのお問い合せに対する回答のため</li>
            <li>お客様へのサービス提供のため</li>
          </part>
          <hr />
          <h3>個人情報の第三者への提供について</h3>
          <p>当社では、お客様より取得した個人情報を第三者に開示または提供することはありません。</p>
          <p>ただし、次の場合は除きます。</p>
          <part type="list">
            <li>ご本人の同意がある場合</li>
            <li>警察からの要請など、官公署からの要請の場合</li>
            <li>法律の適用を受ける場合</li>
          </part>
          <hr />
          <h3>個人情報の開示、訂正等について</h3>
          <p>当社は、お客様ご本人からの自己情報の開示、訂正、削除等のお求めがあった場合は、確実に応じます。</p>
          <hr />
          <h3>個人情報保護に関するお問い合わせ先</h3>
          <p>TEL. 03-3404-3988　FAX. 03-3404-3995<br />e-mail. chi34043988@yahoo.co.jp<br />CHI海外旅行センター　清原</p>
        </page-content>
      </content>
    </page>
    <page name="custom">
      <title>ホテルグループ</title>
      <content>
        <part type="page-title"></part>
        <page-content>
          <style preset="block-container-1"><![CDATA[
  & {
    background-image : url(img/gs02.jpg);
  }
]]></style>
          <p>　</p>
          <br></br>
          <br></br>
          <br></br>
          <br></br>
          <br></br>
          <br></br>
          <br></br>
          <br></br>
          <br></br>
          <br></br>
          <br></br>
          <br></br>
          <br></br>
          <br></br>
          <br></br>
          <p>
            <b class="character">全国各地にホテル・ゴルフ場も経営しております。是非合わせてご利用ください。</b>
          </p>
        </page-content>
        <part type="html-src">
          <style preset="sp-preset3"></style>
          <src type="cdata2"><![CDATA[https://chi-hotelsresorts.com/]]></src>
        </part>
        <part type="html-src">
          <style preset="sp-preset3"></style>
          <src type="cdata2"><![CDATA[https://yurakujo.com/]]></src>
        </part>
        <part type="html-src">
          <style preset="sp-preset3"></style>
          <src type="cdata2"><![CDATA[http://airportplazahotel.jp/]]></src>
        </part>
        <part type="html-src">
          <style preset="sp-preset3"></style>
          <src type="cdata2"><![CDATA[http://daynice-hotel.com/]]></src>
        </part>
        <part type="html-src">
          <style preset="sp-preset3"></style>
          <src type="cdata2"><![CDATA[http://tokyobayplaza.com/]]></src>
        </part>
        <part type="html-src">
          <style preset="sp-preset3"></style>
          <src type="cdata2"><![CDATA[fuji-garden.com/]]></src>
        </part>
        <part type="html-src">
          <style preset="sp-preset3"></style>
          <src type="cdata2"><![CDATA[https://www.osakabayplaza.jp/]]></src>
        </part>
        <part type="html-src">
          <style preset="sp-preset3"></style>
          <src type="cdata2"><![CDATA[https://hotel-fruitflower.jp/]]></src>
        </part>
        <part type="html-src">
          <style preset="sp-preset3"></style>
          <src type="cdata2"><![CDATA[https://www.sekiahills.co.jp/]]></src>
        </part>
        <part type="html-src">
          <style preset="sp-preset3"></style>
          <src type="cdata2"><![CDATA[https://hotel-marineworld.jp/]]></src>
        </part>
        <part type="html-src">
          <style preset="sp-preset3"></style>
          <src type="cdata2"><![CDATA[https://www.kahoku-golf.com/]]></src>
        </part>
      </content>
    </page>
  </pages>
  <posts post-type="news">
    <archive>
      <title>ニュース</title>
      <content>
        <part type="wp-post-list">
          <post-list post-type="news" view-type="full" title="ニュース一覧" target="archive" />
        </part>
      </content>
    </archive>
    <post name="news1" published="2020年03月16日19:24:52">
      <title>営業時間変更のお知らせ</title>
      <content>
        <style preset="sp-article2"></style>
        <p>新型コロナウイルスの影響により当面の間弊社営業時間を下記とさせていただきます。</p>
        <p>平日：9：30～18：30　土・日曜日・祝日：休日</p>
      </content>
    </post>
    <post name="news2" published="2020年03月30日13:02:31">
      <title>在宅勤務のお知らせ</title>
      <content>
        <style preset="sp-article2"></style>
        <p>新型コロナウイルスの感染症対策のため当面の間在宅勤務とさせていただきます。</p>
        <p>お問い合わせは下記連絡先まで連絡をお願いします。(担当に転送されます。)</p>
        <p>日本語：03-3404-3988　中国語：03-5474-3988</p>
      </content>
    </post>
  </posts>
  <posts post-type="item">
    <archive>
      <title>業務内容</title>
      <content>
        <part type="wp-post-list">
          <post-list post-type="item" view-type="full" title="商品一覧" target="archive" />
        </part>
      </content>
    </archive>
    <post name="item1" published="2020年03月16日12:00:00" image-path="img/23186824.jpg">
      <title>格安航空券</title>
      <content>
        <style preset="sp-article2"></style>
        <h5>全世界の格安航空券の取り扱いをしております。お客様のご希望に沿ったプランでどこよりも最安値にてご提供させていただきます。</h5>
      </content>
    </post>
    <post name="item2" published="2020年03月16日19:14:32" image-path="img/index-img01.jpg">
      <title>海外ホテル宿泊予約</title>
      <content>
        <style preset="sp-article2"></style>
        <p>
          <i class="character">ご希望の滞在先・ご予算に応じて最適なホテルをご案内致します。</i>
        </p>
        <p></p>
      </content>
    </post>
    <post name="item3" published="2020年03月16日19:16:29" image-path="img/item-img06.jpg">
      <title>中国ビザ申請代行</title>
      <content>
        <style preset="sp-article2"></style>
        <h5>
        </h5>
        <p>
          <b class="character">知識・経験豊富なスタッフがわかりやすく丁寧に説明させていただきます。</b>
        </p>
      </content>
    </post>
  </posts>
  <design design-id="0012"></design>
</site>
