<?xml version="1.0"?>
<RECYCLEDDATA>
<DATA type="JID" src="header-main.png" size="334484" crc="3749478914" ref="header-main.jid" ref_size="282112" ref_crc="1384290463">
</DATA>
<DATA type="JID" src="site-title.png" size="3953" crc="3507531847" ref="site-title.jid" ref_size="14848" ref_crc="1750292487">
</DATA>
<DATA type="JID" src="site-title1.png" size="7204" crc="975793574" ref="site-title1.jid" ref_size="28672" ref_crc="3061757465">
</DATA>
<DATA type="JID" src="site-title3.png" size="7334" crc="3499302387" ref="site-title11.jid" ref_size="29696" ref_crc="3951732588">
</DATA>
<DATA type="JID" src="IMG_20200316_2.jpg" size="176702" crc="3383243272" ref="IMG_20200316_0004.jid" ref_size="473600" ref_crc="2325399537">
</DATA>
<DATA type="JID" src="map-img1.JPG" size="26901" crc="3221432670" ref="map-img01.jid" ref_size="505344" ref_crc="1569837796">
</DATA>
<DATA type="JID" src="map-img3.JPG" size="27307" crc="3205705351" ref="map-img011.jid" ref_size="505856" ref_crc="919270735">
</DATA>
<DATA type="JID" src="header-main1.png" size="569377" crc="636082920" ref="header-main1.jid" ref_size="6511104" ref_crc="3296458157">
</DATA>
</RECYCLEDDATA>
