<?xml version="1.0" encoding="UTF-8"?>
<taxonomies>
  <taxonomy label="活動のカテゴリー" post-type="activity" hierarchical="true" />
  <taxonomy label="ブログのカテゴリー" post-type="post" hierarchical="true" />
  <taxonomy label="FAQのカテゴリー" post-type="faq" hierarchical="true" />
  <taxonomy label="商品のカテゴリー" post-type="item" hierarchical="true" />
  <taxonomy label="メニューのカテゴリー" post-type="menu" hierarchical="true" />
  <taxonomy label="ニュースのカテゴリー" post-type="news" hierarchical="true" />
  <taxonomy label="製品のカテゴリー" post-type="product" hierarchical="true" />
  <taxonomy label="物件のカテゴリー" post-type="real_estate" hierarchical="true" />
  <taxonomy label="サービスのカテゴリー" post-type="service" hierarchical="true" />
</taxonomies>